k;CPLST;LR;LRWithPCA;LRWithRandomPCA;OCCA
0.2;0.310515;0.374874;0.233495;0.187394;0.0779432
0.3;0.330128;0.37304;0.264446;0.204064;0.0968321
0.4;0.341945;0.37404;0.279154;0.229766;0.145497
0.5;0.355049;0.374518;0.298939;0.252972;0.174732
0.6;0.355694;0.371427;0.314472;0.274361;0.199616
0.7;0.361971;0.374782;0.333416;0.301973;0.215565
0.8;0.368261;0.372715;0.350451;0.327064;0.233404
0.9;0.374002;0.37113;0.367806;0.356009;0.26547
1;0.377186;0.372974;0.371302;0.368409;0.301943
