k;CPLST;LR;LRWithPCA;LRWithRandomPCA;OCCA
0.2;0.256134;0.315938;0.191624;0.1527;0.0464701
0.3;0.275734;0.315938;0.221826;0.16464;0.0591917
0.4;0.287878;0.315938;0.234904;0.192266;0.111837
0.5;0.296446;0.315938;0.252853;0.212156;0.143827
0.6;0.302561;0.315938;0.263772;0.231033;0.16156
0.7;0.30728;0.315938;0.281808;0.253818;0.177428
0.8;0.313931;0.315938;0.295978;0.276046;0.193046
0.9;0.317385;0.315938;0.312826;0.302522;0.222132
1;0.321951;0.315938;0.315119;0.314957;0.258107
