k;CPLST;LR;LRWithPCA;LRWithRandomPCA;OCCA
0.2;0.0956928;0.190655;0.0444218;0.0226456;0.0290788
0.3;0.118758;0.187314;0.0624092;0.0300556;0.0406761
0.4;0.136796;0.192146;0.0757691;0.0426053;0.0605174
0.5;0.151009;0.186036;0.0926155;0.0550652;0.0715126
0.6;0.157465;0.184613;0.106354;0.0708073;0.0897451
0.7;0.166006;0.190697;0.130188;0.0966008;0.103343
0.8;0.178751;0.188945;0.14937;0.123584;0.125553
0.9;0.18744;0.187825;0.176675;0.158936;0.148963
1;0.191827;0.189208;0.185792;0.182233;0.187748
