Method;Macro F1 score;Micro F1 score;Instance F1 score;Hamming loss
CPLST;0.157072;0.356571;0.300161;0.0125922
LR;0.188297;0.37026;0.316306;0.0125276
LRWithPCA;0.111408;0.316356;0.268424;0.0126773
LRWithRandomPCA;0.071348;0.277013;0.231907;0.0129231
OCCA;0.087625;0.194546;0.158026;0.0142209
