k;CPLST;LRWithPCA;LRWithRandomPCA;OCCA;LR
0.2;0.178963;0.173505;0.15025;0.144223;0.182126
0.3;0.179696;0.180304;0.15921;0.151383;0.182123
0.4;0.180442;0.180691;0.17139;0.162581;0.182234
0.5;0.182355;0.181684;0.178694;0.168783;0.182567
0.6;0.182314;0.182195;0.180383;0.169528;0.182167
0.7;0.181916;0.181663;0.180503;0.168999;0.182178
0.8;0.182244;0.180812;0.182013;0.170218;0.182189
0.9;0.180944;0.181836;0.181993;0.169902;0.182178
1;0.181275;0.181881;0.182864;0.182519;0.182126
