k;CPLST;LRWithPCA;LRWithRandomPCA;OCCA
0.2;0.199946;0.194969;0.164018;0.151224
0.3;0.201783;0.201662;0.175994;0.15953
0.4;0.202487;0.202659;0.192972;0.173078
0.5;0.204366;0.204259;0.200079;0.180193
0.6;0.204709;0.204154;0.202403;0.180804
0.7;0.203903;0.203435;0.202585;0.180883
0.8;0.204529;0.203216;0.204031;0.182154
0.9;0.203518;0.204257;0.204281;0.181829
1;0.203925;0.203964;0.205075;0.204953
