Method;Macro F1 score;Micro F1 score;Instance F1 score;Hamming loss
CPLST;0.0581891;0.203767;0.181593;0.00875301
LR;0.0590489;0.204512;0.182126;0.00874951
LRWithPCA;0.0578017;0.20381;0.181593;0.00875559
LRWithRandomPCA;0.0561203;0.201653;0.179449;0.00876932
OCCA;0.048015;0.180418;0.168663;0.00889343
