Method;Macro F1 score;Micro F1 score;Instance F1 score;Hamming loss
CPLST;0.0121863;0.0666934;0.050257;0.018644
LR;0.0131294;0.0680147;0.0509001;0.0186359
LRWithPCA;0.00478598;0.0452605;0.0346326;0.0186663
LRWithRandomPCA;0.00304453;0.0330811;0.0245571;0.0186492
OCCA;0.0127169;0.0687902;0.0524356;0.0186113
