k;CPLST;LR;LRWithPCA;LRWithRandomPCA;OCCA
0.2;0.523803;0.525809;0.528189;0.484837;0.491011
0.3;0.531901;0.525528;0.534824;0.515223;0.492084
0.4;0.528203;0.519848;0.533767;0.532345;0.505363
0.5;0.526998;0.528383;0.526962;0.539483;0.509353
0.6;0.526854;0.512418;0.528037;0.532454;0.520335
0.7;0.525297;0.517501;0.528251;0.532994;0.524996
0.8;0.527732;0.522917;0.531535;0.530589;0.518584
0.9;0.521607;0.524869;0.526061;0.526614;0.527348
1;0.529656;0.518229;0.524784;0.522667;0.528971
