k;CPLST;LR;LRWithPCA;LRWithRandomPCA;OCCA
0.2;0.109579;0.184145;0.0999142;0.0688497;0.0843747
0.3;0.12926;0.180312;0.118923;0.0864598;0.0924791
0.4;0.144441;0.178569;0.136;0.111565;0.1079
0.5;0.151287;0.175918;0.141871;0.127077;0.128597
0.6;0.152337;0.196877;0.15435;0.154466;0.148635
0.7;0.162836;0.184422;0.171995;0.154973;0.176757
0.8;0.161329;0.170146;0.171856;0.151863;0.173945
0.9;0.198574;0.184836;0.170243;0.159141;0.167518
1;0.200854;0.183597;0.162705;0.181922;0.176773
