k;CPLST;LR;LRWithPCA;LRWithRandomPCA;OCCA
0.2;0.503383;0.502179;0.486007;0.411836;0.466024
0.3;0.494136;0.507235;0.503912;0.454343;0.470894
0.4;0.498082;0.49952;0.52086;0.484866;0.48716
0.5;0.509741;0.518539;0.513434;0.504451;0.49131
0.6;0.504112;0.507388;0.505629;0.508079;0.500609
0.7;0.501919;0.497298;0.501559;0.514565;0.50249
0.8;0.503778;0.5059;0.509984;0.507581;0.499284
0.9;0.498532;0.507428;0.518432;0.501429;0.504374
1;0.513209;0.510175;0.500429;0.509568;0.507606
