Method;Macro F1 score;Micro F1 score;Instance F1 score;Hamming loss
CPLST;0.151256;0.524887;0.504502;0.0534554
LR;0.164456;0.515931;0.497504;0.0542314
LRWithPCA;0.160567;0.518554;0.496292;0.0537215
LRWithRandomPCA;0.13657;0.529288;0.498058;0.0503958
OCCA;0.144057;0.527488;0.505243;0.0517704
