k;CPLST;LR;LRWithPCA;LRWithRandomPCA;OCCA
0.2;0.407265;0.451826;0.404706;0.311645;0.373442
0.3;0.434638;0.451826;0.434134;0.366329;0.414196
0.4;0.440252;0.451826;0.441205;0.400662;0.428467
0.5;0.44586;0.451826;0.446971;0.428502;0.437576
0.6;0.455017;0.451826;0.449151;0.441152;0.443819
0.7;0.448251;0.451826;0.451303;0.447929;0.446635
0.8;0.448031;0.451826;0.449906;0.450756;0.449079
0.9;0.45411;0.451826;0.452202;0.452294;0.453042
1;0.455376;0.451826;0.448942;0.447026;0.452585
