Method;Macro F1 score;Micro F1 score;Instance F1 score;Hamming loss
CPLST;0.0660175;0.172504;0.450775;0.0161705
LR;0.0716843;0.163897;0.451621;0.0175086
LRWithPCA;0.0657694;0.173284;0.447036;0.0159482
LRWithRandomPCA;0.0585784;0.191554;0.4432;0.0137614
OCCA;0.0603123;0.167644;0.441653;0.0161724
