k;CPLST;LR;LRWithPCA;LRWithRandomPCA;OCCA
0.2;0.218086;0.162911;0.218449;0.264159;0.192364
0.3;0.202093;0.161457;0.202907;0.245377;0.186229
0.4;0.188156;0.164644;0.189604;0.222875;0.178511
0.5;0.180437;0.161272;0.178799;0.206172;0.173483
0.6;0.17344;0.164846;0.171655;0.191792;0.167561
0.7;0.169625;0.16265;0.167648;0.177129;0.165739
0.8;0.164806;0.161315;0.165468;0.170968;0.163212
0.9;0.162804;0.161752;0.163446;0.162822;0.164809
1;0.164122;0.161492;0.163078;0.159766;0.163063
