instance;time
8000;4.51661
16000;5.52977
24000;5.55529
32000;6.19121
40000;6.67481
48000;7.26976
56000;7.61122
64000;8.1266
72000;10.3139
80000;8.43382
