instance;time
8000;3.89583
16000;4.72953
24000;4.76012
32000;5.33144
40000;5.86616
48000;6.44631
56000;6.99772
64000;7.60311
72000;8.15144
80000;8.69813
