instance;time
8000;5.29246
16000;5.98559
24000;6.69884
32000;7.40833
40000;8.09528
48000;8.80244
56000;9.53017
64000;10.28
72000;10.9198
80000;11.5786
