instance;time
8000;5.32691
16000;6.70989
24000;6.62375
32000;7.31274
40000;8.01587
48000;8.69588
56000;9.35485
64000;10.1219
72000;10.817
80000;11.4952
