instance;time
8000;5.28036
16000;5.9979
24000;6.67048
32000;7.38955
40000;8.04011
48000;8.74235
56000;9.4501
64000;10.1725
72000;10.8398
80000;11.5371
