instance;time
8000;5.37624
16000;5.90958
24000;6.58139
32000;7.29318
40000;7.97045
48000;8.63825
56000;9.40655
64000;10.0493
72000;10.7274
80000;11.3626
