instance;time
8000;6.34872
16000;6.99399
24000;7.70043
32000;8.41322
40000;9.14191
48000;9.75831
56000;10.6903
64000;11.3219
72000;10.4072
80000;11.1816
