Method;Macro F1 score;Micro F1 score;Instance F1 score;Hamming loss
CPLST;0.420224;0.466102;0.326056;0.133224
LR;0.629353;0.628119;0.517866;0.109402
LRWithPCA;0.391757;0.39059;0.26569;0.157111
LRWithRandomPCA;0.348273;0.377467;0.257027;0.154343
OCCA;0.232566;0.269343;0.169637;0.163552
