k;CPLST;LR;LRWithPCA;LRWithRandomPCA;OCCA
0.2;0.174078;0.10975;0.182592;0.178852;0.176707
0.3;0.170685;0.107743;0.182455;0.179546;0.177053
0.4;0.158634;0.108573;0.171926;0.171027;0.172135
0.5;0.134884;0.111413;0.154756;0.156972;0.162168
0.6;0.134815;0.109126;0.152888;0.157598;0.163622
0.7;0.118683;0.110442;0.135024;0.1353;0.141808
0.8;0.117573;0.107673;0.134607;0.133151;0.142085
0.9;0.109334;0.107465;0.117229;0.107188;0.106565
1;0.105527;0.109611;0.120827;0.107808;0.105318
