k;CPLST;LR;LRWithPCA;LRWithRandomPCA;OCCA
0.2;0.171238;0.109125;0.179823;0.176083;0.177676
0.3;0.174697;0.108019;0.179545;0.179546;0.177191
0.4;0.154965;0.108709;0.16999;0.171306;0.172206
0.5;0.132669;0.106771;0.15455;0.15801;0.16251
0.6;0.13343;0.107811;0.155587;0.158912;0.162928
0.7;0.117643;0.10781;0.129481;0.136753;0.140355
0.8;0.122627;0.108019;0.1335;0.12817;0.141532
0.9;0.107673;0.108433;0.105457;0.108642;0.107671
1;0.108502;0.110373;0.106981;0.108089;0.106912
