k;CPLST;LR;LRWithPCA;LRWithRandomPCA;OCCA
0.2;0.0703461;0.514818;0.0382251;0.028522;0.0383621
0.3;0.0674444;0.514818;0.0387749;0.032272;0.0364249
0.4;0.20752;0.514818;0.149696;0.119855;0.102751
0.5;0.32162;0.514818;0.240208;0.225873;0.180318
0.6;0.333472;0.514818;0.255022;0.233141;0.184464
0.7;0.4469;0.514818;0.391915;0.390184;0.339355
0.8;0.445851;0.514818;0.406936;0.397173;0.327028
0.9;0.521258;0.514818;0.525215;0.525213;0.527078
1;0.52825;0.514818;0.537532;0.533102;0.528456
