k;CPLST;LR;LRWithPCA;LRWithRandomPCA;OCCA
0.2;0.108888;0.635175;0.0466805;0.0410933;0.0477651
0.3;0.110485;0.635175;0.0475247;0.0465575;0.0453766
0.4;0.281645;0.635175;0.197105;0.164707;0.131941
0.5;0.431072;0.635175;0.335383;0.292193;0.241082
0.6;0.422765;0.635175;0.338663;0.319714;0.252853
0.7;0.550167;0.635175;0.545279;0.496174;0.42836
0.8;0.547044;0.635175;0.497727;0.53614;0.414801
0.9;0.625722;0.635175;0.638854;0.636162;0.637274
1;0.636735;0.635175;0.63944;0.642763;0.63873
