Method;Macro F1 score;Micro F1 score;Instance F1 score;Hamming loss
CPLST;0.416411;0.461304;0.317758;0.134122
LR;0.635514;0.634904;0.523756;0.106842
LRWithPCA;0.34802;0.36781;0.246358;0.156073
LRWithRandomPCA;0.309639;0.343676;0.232731;0.159882
OCCA;0.249436;0.286993;0.187764;0.163
