k;CPLST;LR;LRWithPCA;LRWithRandomPCA;OCCA
0.2;0.142539;0.628001;0.0783717;0.0757802;0.072
0.3;0.135385;0.630563;0.09287;0.0801163;0.0774653
0.4;0.321831;0.635213;0.226394;0.229805;0.168423
0.5;0.463419;0.640024;0.403727;0.373781;0.270143
0.6;0.460134;0.634019;0.409789;0.359647;0.238909
0.7;0.563519;0.642725;0.534286;0.511614;0.46135
0.8;0.57328;0.628326;0.539612;0.515835;0.457109
0.9;0.629965;0.632719;0.628368;0.628955;0.641287
1;0.630774;0.636711;0.626219;0.635715;0.6308
