k;CPLST;LR;LRWithPCA;LRWithRandomPCA;OCCA
0.2;0.123192;0.646992;0.0573776;0.0486131;0.0499831
0.3;0.108089;0.637927;0.0648879;0.0472452;0.0470781
0.4;0.276373;0.639897;0.224876;0.176612;0.135125
0.5;0.420169;0.639713;0.387463;0.3446;0.262126
0.6;0.421134;0.639514;0.402978;0.340333;0.247291
0.7;0.541648;0.634731;0.544239;0.503068;0.419699
0.8;0.554139;0.629334;0.548313;0.526605;0.420785
0.9;0.628024;0.635106;0.626929;0.642787;0.640863
1;0.634964;0.640046;0.623345;0.637394;0.64633
