k;CPLST;LR;LRWithPCA;LRWithRandomPCA;OCCA
0.2;0.0733931;0.532384;0.0338413;0.0335786;0.0447315
0.3;0.0704862;0.520836;0.0358687;0.04134;0.0393274
0.4;0.201359;0.517931;0.132804;0.102688;0.103308
0.5;0.317549;0.521467;0.259992;0.246921;0.177967
0.6;0.308061;0.524092;0.27926;0.245315;0.170405
0.7;0.437956;0.526797;0.426799;0.409218;0.322322
0.8;0.434295;0.525486;0.425692;0.394545;0.334026
0.9;0.524103;0.525689;0.537882;0.517091;0.532332
1;0.520636;0.525069;0.525903;0.523817;0.527016
