k;CPLST;LR;LRWithPCA;LRWithRandomPCA;OCCA
0.2;0.158285;0.621276;0.0824124;0.0640527;0.0702115
0.3;0.125608;0.621276;0.073765;0.0692931;0.0670535
0.4;0.3314;0.621276;0.211798;0.181331;0.171591
0.5;0.461266;0.621276;0.346815;0.327918;0.279333
0.6;0.476972;0.621276;0.411687;0.352525;0.286753
0.7;0.560965;0.621276;0.511831;0.499101;0.46163
0.8;0.573057;0.621276;0.520668;0.489167;0.450214
0.9;0.633561;0.621276;0.638874;0.634877;0.634522
1;0.635577;0.621276;0.63361;0.631168;0.635886
