k;CPLST;LR;LRWithPCA;LRWithRandomPCA;OCCA
0.2;0.611646;0.626647;0.545379;0.568754;0.522808
0.3;0.618106;0.623884;0.585493;0.605683;0.596963
0.4;0.622562;0.626077;0.607504;0.612174;0.598151
0.5;0.628791;0.622757;0.614416;0.617495;0.618656
0.6;0.625059;0.625255;0.623601;0.624119;0.62134
0.7;0.624077;0.628597;0.626572;0.625981;0.623188
0.8;0.629264;0.62403;0.62614;0.625331;0.624693
0.9;0.624537;0.624413;0.626738;0.622253;0.623969
1;0.626559;0.624956;0.626734;0.622454;0.626345
