k;CPLST;LR;LRWithPCA;LRWithRandomPCA;OCCA
0.2;0.205215;0.199538;0.224216;0.217358;0.2267
0.3;0.203379;0.201695;0.21198;0.207134;0.209941
0.4;0.201106;0.200159;0.205213;0.203914;0.208494
0.5;0.202287;0.201313;0.206987;0.203174;0.203647
0.6;0.200664;0.200957;0.204384;0.202318;0.202937
0.7;0.201934;0.202642;0.203115;0.201049;0.202052
0.8;0.201253;0.198209;0.204859;0.20282;0.200485
0.9;0.202554;0.200809;0.20749;0.201195;0.201342
1;0.201283;0.203174;0.206365;0.200129;0.201548
