k;CPLST;LR;LRWithPCA;LRWithRandomPCA;OCCA
0.2;0.57964;0.603133;0.515332;0.540246;0.490667
0.3;0.592866;0.601088;0.559933;0.578747;0.563766
0.4;0.594268;0.599725;0.583162;0.588319;0.566155
0.5;0.600526;0.596448;0.589615;0.59647;0.596158
0.6;0.600535;0.602654;0.600257;0.596173;0.596125
0.7;0.597985;0.600217;0.59975;0.596395;0.600622
0.8;0.600903;0.598029;0.599898;0.602314;0.601181
0.9;0.602151;0.600453;0.598487;0.600677;0.603171
1;0.595398;0.602494;0.600193;0.599157;0.599082
