Method;Macro F1 score;Micro F1 score;Instance F1 score;Hamming loss
CPLST;0.327223;0.627738;0.603251;0.200426
LR;0.326847;0.625624;0.601905;0.200632
LRWithPCA;0.335978;0.621985;0.596973;0.206335
LRWithRandomPCA;0.31766;0.619682;0.596189;0.203265
OCCA;0.317662;0.619838;0.59544;0.203086
