k;CPLST;LR;LRWithPCA;LRWithRandomPCA;OCCA
0.2;0.61449;0.62294;0.571172;0.557288;0.530436
0.3;0.62163;0.62294;0.60572;0.600314;0.596504
0.4;0.626269;0.62294;0.6137;0.60924;0.597083
0.5;0.622987;0.62294;0.617673;0.616969;0.618321
0.6;0.623343;0.62294;0.620929;0.617556;0.623099
0.7;0.621764;0.62294;0.623682;0.624318;0.628554
0.8;0.627688;0.62294;0.625571;0.623423;0.626554
0.9;0.625402;0.62294;0.626116;0.625807;0.623861
1;0.625119;0.62294;0.624282;0.627005;0.628046
