k;CPLST;LR;LRWithPCA;LRWithRandomPCA;OCCA
0.2;0.204563;0.200278;0.216974;0.222029;0.223802
0.3;0.204771;0.200278;0.206395;0.207459;0.208257
0.4;0.201195;0.200278;0.205037;0.207488;0.209085
0.5;0.202614;0.200278;0.203587;0.20276;0.203913
0.6;0.200633;0.200278;0.202466;0.203526;0.201757
0.7;0.201046;0.200278;0.202139;0.201549;0.199331
0.8;0.200574;0.200278;0.20078;0.201398;0.201015
0.9;0.203735;0.200278;0.201519;0.20149;0.201993
1;0.201843;0.200278;0.201902;0.198946;0.199806
