k;CPLST;LR;LRWithPCA;LRWithRandomPCA;OCCA
0.2;0.302792;0.327152;0.223133;0.245415;0.201418
0.3;0.315603;0.32832;0.278902;0.296486;0.287857
0.4;0.319674;0.325264;0.314018;0.308985;0.293059
0.5;0.323487;0.32291;0.323457;0.318852;0.315008
0.6;0.325368;0.328799;0.337404;0.320713;0.322348
0.7;0.322668;0.324899;0.338843;0.324099;0.322121
0.8;0.325456;0.327284;0.347709;0.326218;0.325641
0.9;0.325417;0.328968;0.36164;0.323234;0.32699
1;0.326856;0.324014;0.353032;0.327836;0.324076
