k;CPLST;LR;LRWithPCA;LRWithRandomPCA;OCCA
0.2;0.304472;0.323681;0.251288;0.22301;0.203624
0.3;0.315825;0.3267;0.29841;0.293741;0.290759
0.4;0.320321;0.330564;0.309366;0.302819;0.292355
0.5;0.324717;0.323632;0.314376;0.312603;0.314491
0.6;0.323433;0.330075;0.318188;0.321108;0.320986
0.7;0.32783;0.326555;0.323012;0.325271;0.327152
0.8;0.325533;0.326668;0.325012;0.322673;0.327809
0.9;0.323651;0.322008;0.323811;0.324018;0.324409
1;0.32885;0.324846;0.327302;0.322773;0.327489
