k;CPLST;LR;LRWithPCA;LRWithRandomPCA;OCCA
0.2;0.586389;0.597801;0.544456;0.527006;0.501022
0.3;0.593468;0.600437;0.577726;0.575862;0.56586
0.4;0.597462;0.60254;0.588589;0.581129;0.567074
0.5;0.601426;0.604708;0.598338;0.588462;0.592422
0.6;0.603516;0.600562;0.601777;0.596892;0.598999
0.7;0.603412;0.601516;0.599865;0.598364;0.603778
0.8;0.601965;0.60445;0.597402;0.599602;0.603372
0.9;0.604019;0.599537;0.599172;0.600112;0.599739
1;0.600125;0.601707;0.601083;0.602599;0.603808
