Method;Macro F1 score;Micro F1 score;Instance F1 score;Hamming loss
CPLST;0.323242;0.622455;0.596834;0.202405
LR;0.326809;0.627146;0.602468;0.200397
LRWithPCA;0.319731;0.620426;0.597489;0.203885
LRWithRandomPCA;0.318114;0.619548;0.595378;0.203677
OCCA;0.323362;0.623011;0.599571;0.202642
